{"cameraMode":{"drawMode":0,"name":"Shaded","section":"Shading Mode"},"sceneLighting":true,"audioPlay":false,"sceneViewState":{"showFog":true,"showMaterialUpdate":false,"showSkybox":true,"showFlares":true,"showImageEffects":true,"showParticleSystems":true},"in2DMode":false,"pivot":{"x":-8.592561721801758,"y":33.512393951416019,"z":8.971575736999512},"rotation":{"x":0.02250084839761257,"y":-0.9477772116661072,"z":0.31073105335235598,"w":0.0686366856098175},"size":10.0,"orthographic":false}