{"cameraMode":{"drawMode":0,"name":"Shaded","section":"Shading Mode"},"sceneLighting":true,"audioPlay":false,"sceneViewState":{"showFog":true,"showMaterialUpdate":false,"showSkybox":true,"showFlares":true,"showImageEffects":true,"showParticleSystems":true},"in2DMode":false,"pivot":{"x":-6.720000267028809,"y":19.06999969482422,"z":6.569999694824219},"rotation":{"x":0.00013287474575918168,"y":-0.9757866859436035,"z":-0.0005867673316970468,"w":-0.21873725950717927},"size":9.173298835754395,"orthographic":false}